{
    "acc": 0.6615853658536586,
    "precision": 0.5774647887323944,
    "recall": 0.3360655737704918,
    "f1_score": 0.42487046632124353
}