{
    "acc": 0.6844512195121951,
    "precision": 0.6330935251798561,
    "recall": 0.36065573770491804,
    "f1_score": 0.4595300261096606
}