{
    "acc": 0.6707317073170732,
    "precision": 0.5945945945945946,
    "recall": 0.36065573770491804,
    "f1_score": 0.4489795918367347
}