{
    "acc": 0.6692073170731707,
    "precision": 0.5918367346938775,
    "recall": 0.35655737704918034,
    "f1_score": 0.44501278772378516
}