{
    "acc": 0.676829268292683,
    "precision": 0.6142857142857143,
    "recall": 0.3524590163934426,
    "f1_score": 0.4479166666666667
}