{
    "acc": 0.6676829268292683,
    "precision": 0.5928571428571429,
    "recall": 0.3401639344262295,
    "f1_score": 0.4322916666666667
}