{
    "acc": 0.6646341463414634,
    "precision": 0.5909090909090909,
    "recall": 0.319672131147541,
    "f1_score": 0.4148936170212766
}