{
    "acc": 0.6753048780487805,
    "precision": 0.6115107913669064,
    "recall": 0.3483606557377049,
    "f1_score": 0.44386422976501305
}