{
    "acc": 0.6707317073170732,
    "precision": 0.5985915492957746,
    "recall": 0.3483606557377049,
    "f1_score": 0.44041450777202074
}