{
    "acc": 0.6783536585365854,
    "precision": 0.6170212765957447,
    "recall": 0.35655737704918034,
    "f1_score": 0.45194805194805193
}